time,maturity,quality,risk,schedule_pressure,resource_capacity
0,0.4576179269938608,0.5736941766549724,0.6343132405951313,0.2578077909918846,0.6904218599624652
1,0.4262003973439876,0.5986721233724233,0.6732562231346001,0.30116250773121606,0.6528756779048356
2,0.47316127989516144,0.550268148259301,0.5767262592376357,0.2552032062360623,0.6241414004827299
3,0.48011411790978037,0.5604886426382703,0.5991160163864563,0.2733271983365429,0.6460568137076428
4,0.4100241202836541,0.6698774133608489,0.6075706083557946,0.2520125881962558,0.6475097315952477
5,0.4284455123284421,0.568877322561779,0.6653173332930438,0.24903573465925286,0.6138814586949609
6,0.46639601007918213,0.5760964326463608,0.6301826601181967,0.22871811611461032,0.6412041982164794
7,0.45749393519141046,0.6656074058496394,0.6506362514755039,0.2720605475635144,0.6286451976500641
8,0.4671799710623928,0.6991520150772121,0.5920991406651137,0.22819619837849814,0.6699089439296859
9,0.4484739018106605,0.5783530011352397,0.6033166094378501,0.28229548327097004,0.6472652968546314
10,0.4939849493715707,0.6039525312963591,0.6447520528523012,0.29798504515560686,0.6389301062713107
11,0.4936447983857237,0.6267466665282152,0.6284991501091128,0.27382859925330305,0.6429454517344356
12,0.4780507674390304,0.6698609293321678,0.6347543552232243,0.2519812943255508,0.6507780504601541
13,0.5067810301742008,0.5898942876471528,0.6210637601874657,0.27888879527580435,0.6602203549922445
14,0.49248773355630115,0.6136416646217367,0.6258568106336583,0.2531964430558756,0.6194071942832654
15,0.461517688427919,0.6458201272818522,0.6314566899887094,0.29774414939128024,0.6179603091844682
16,0.4944187696020625,0.6370429822339986,0.6246623578786666,0.20190078705247066,0.6712169803850633
17,0.46342793497927504,0.614215317863097,0.6359310303140981,0.2552537421158474,0.6328915781948817
18,0.5115612575326819,0.6229853110645188,0.561533947777751,0.1983215801706601,0.6073789476850782
19,0.4905518522253437,0.5872531257489005,0.5486863177237291,0.21667287094204785,0.6534953177345776
20,0.4893784409113685,0.6228547876807601,0.6509453741108547,0.31773517804348683,0.6535842451508171
21,0.4791767613899015,0.6235083752997312,0.6510060516927303,0.30233147436900903,0.6033321185685824
22,0.5289635334668508,0.6399650966887876,0.5823844267158736,0.24681819183503234,0.6469370428865902
23,0.49673676294828,0.6178401834354295,0.5543948382248445,0.2204123790385686,0.6591895773107094
24,0.4920918044459223,0.6501461556763541,0.5911289984737993,0.17024149067554223,0.6497596612926565
25,0.49619666123779427,0.6678814745345948,0.6295860402476819,0.2559776572223578,0.6557995370940349
26,0.5205077296388337,0.643662879830054,0.6730970586551628,0.3607145254286591,0.6044932725477313
27,0.5185361016091019,0.651052692251976,0.6247960481928063,0.2922209495012277,0.6474760038749049
28,0.5219183152898997,0.643594660427336,0.5939583759827766,0.2584149699882679,0.6312345060132388
29,0.5245705250751971,0.6435025317927424,0.5878328520735308,0.29527780733251074,0.6263302460318838
30,0.5695411900217615,0.6233532589937146,0.5938669029737091,0.22536645764519453,0.6597638902354932
31,0.5080396245903847,0.6559948278501992,0.5948489925100967,0.2705936823055828,0.6745818627668558
32,0.5075939317732115,0.6450814020475953,0.5790292788990008,0.28548171155555085,0.682059251365009
33,0.502255681793803,0.7122950492679179,0.6532159162525601,0.27998647718626335,0.6696701967876476
34,0.5401994855643875,0.6982006470742573,0.652398417188817,0.3116782142591529,0.6336566454592455
35,0.5552243073180223,0.664075396576695,0.6317549853309032,0.2970625829182619,0.6448180040756586
36,0.5263513135586281,0.631108283709157,0.5818448503942033,0.30939141063377995,0.6547705717946062
37,0.5103960880759368,0.6221276558404975,0.6148150165342551,0.2629069701219234,0.6382294487324865
38,0.5129879696077191,0.692734288592666,0.6206638388822088,0.3194235392943692,0.6380691046977887
39,0.5520648196956176,0.6663824767544141,0.6203864551018061,0.3460127931668397,0.6549938282969047
40,0.556581354280086,0.6744043021017483,0.6195714803747785,0.25604476681220056,0.6325179338493517
41,0.5537788567076299,0.6091624203907742,0.6038690220225298,0.2599306520499904,0.6153678265906585
42,0.5257622573177826,0.6908231544467455,0.6226258952972741,0.33875245177120816,0.6228381733541035
43,0.550404033076668,0.6781326101464309,0.6073093083867533,0.2863029604656729,0.6486477594433436
44,0.5497171452285182,0.6326870794675656,0.6112092099189652,0.3431337487223295,0.632474832279999
45,0.5544672149182254,0.6533542557765015,0.5429021967755756,0.27951125008377353,0.6405052494217085
46,0.5729857194487048,0.6769115161306957,0.6032143778725483,0.3469265951694749,0.6483519810550548
47,0.5589898887193671,0.6720740039506873,0.5760476418181738,0.30160200358819084,0.6218289634275598
48,0.5725728390767973,0.6632348644258933,0.5579523379985842,0.30703800881629434,0.6497062040907452
49,0.5594894767372224,0.6703953519580211,0.6410737442493789,0.3537651307584466,0.63987106508646
50,0.5672279849672497,0.6674406786537934,0.6264392508458225,0.287338033289454,0.5991296728272131
51,0.5779822056459636,0.681076875363074,0.6117538748687681,0.2680607266426264,0.6656576197796562
52,0.5279711045036084,0.7221447591897946,0.5869663910195785,0.2863002527190076,0.6166813814060771
53,0.5586082195910674,0.602500246772061,0.6203085994437686,0.31883168827250985,0.5874226164203704
54,0.5570406836426801,0.6738944920647094,0.5703249846592557,0.24919843247368198,0.6022739072603425
55,0.5550280537939165,0.6877953726411734,0.5910784578728582,0.3273114815927892,0.602473870983042
56,0.5663214437193329,0.692879819690613,0.5486346765927936,0.287143003883379,0.6289043329664383
57,0.6127735327808599,0.6743425625603613,0.5979029401001194,0.3471734431256747,0.620353737361344
58,0.5559542221076689,0.6342983465256424,0.5612338438628767,0.22420088932848348,0.6183792008089852
59,0.604006958864787,0.6983398645114233,0.5385571406108363,0.2814701978713541,0.6418925491370621
60,0.539928255709605,0.7418205064249255,0.5619342674400825,0.2509736147068064,0.6344968840298176
61,0.5758278742503556,0.6454841578525159,0.5668647940125773,0.28208196867726165,0.6335011967661072
62,0.5904688266276251,0.7189148404109456,0.6210860566046548,0.320668306538813,0.6354457114332173
63,0.6032555582839819,0.6846442433063132,0.5942352881968721,0.3067270681092586,0.640203366700056
64,0.6085806644948214,0.6941602696251346,0.570615128696387,0.3051317850868195,0.571701166455564
65,0.6128336808799981,0.6659130446788816,0.5762939592354006,0.30942852950169786,0.6148890436933885
66,0.586481873193789,0.6889663148293237,0.5729913989053784,0.32311858842169805,0.5690947483877632
67,0.5858412051833859,0.7395013378409687,0.5565014228571493,0.28170123853199125,0.6241014981699449
68,0.6210493970314289,0.7194796572596311,0.5467420623002155,0.3427397374314668,0.6226841756943914
69,0.5970173918779597,0.7554693481622984,0.568706231031795,0.3421933089634919,0.6485383068697421
70,0.572107841916552,0.7403223566693308,0.5507123357036391,0.33347632781796355,0.651690859818028
71,0.5778678196499131,0.7196726003678873,0.538447419036106,0.3404786704962942,0.6266693762063092
72,0.5854136928499598,0.7603180357850338,0.579502963969915,0.3323746300283031,0.6086909730650775
73,0.6230290186013442,0.722669794762149,0.5889116809293601,0.39422756559558736,0.6329290278136435
74,0.6163606434017641,0.7358396453039118,0.5171416870986937,0.32095170401316214,0.6072020590668922
75,0.6322621338516942,0.7036028713939587,0.5560683432814456,0.3142520873582898,0.6199651837139163
76,0.6065186838415866,0.7159963744757761,0.5796103722787462,0.2996265346874918,0.6442534079240192
77,0.6233634922769179,0.6945772853009917,0.5780721709089587,0.2908708065297757,0.6052557163502644
78,0.6372397598491835,0.7466875180378456,0.5746234883076026,0.28444348743396236,0.6389419659810626
79,0.616066336506994,0.683150891306554,0.5517090908606583,0.29789209403691785,0.6353350342173076
80,0.6374193809389352,0.7434705102725299,0.5349296278620503,0.32752618664217753,0.5941302045717295
81,0.6116518514733337,0.7157804682748452,0.5311016018054808,0.34270032949742,0.6419473532054351
82,0.6213236538358733,0.7581374128040196,0.5636489164696106,0.3337899720493257,0.6346641586342876
83,0.6230565526500418,0.7470260696619377,0.5572473792229202,0.3062062652899601,0.6193481471843164
84,0.6049040088602741,0.7806193847294041,0.5917946989330803,0.36550645974069873,0.5973419135493088
85,0.6491743120196396,0.7494232407341593,0.5848929688352694,0.3608794435305332,0.5945198495356108
86,0.6274649414949319,0.6818387923304028,0.5461849916195712,0.3304123092402294,0.6021584355774244
87,0.6417123529681922,0.7284914048130539,0.51360739871456,0.3141479349367351,0.6287648615822989
88,0.6556186664726478,0.6968397842221555,0.545005230065117,0.357194977229043,0.5909093708149651
89,0.6569632794007486,0.7179516047290118,0.554658176493906,0.3455790755620136,0.6253378062154968
90,0.6646346277243197,0.7803368529983017,0.5305973389677691,0.2893155459204733,0.5829561117780402
91,0.6477378628872644,0.7556260143269308,0.5308491993269787,0.3386206910405458,0.6084982853890288
92,0.6418175421988962,0.7170320871426376,0.5531797961272202,0.3511712534226033,0.6159411938643502
93,0.6526070447273401,0.7090884790067881,0.524333406608779,0.31151068247292857,0.6739282536264729
94,0.6146166391510492,0.7419834627862878,0.5286401420317139,0.35064451874931046,0.5779671086119909
95,0.6228221881894228,0.7060031955185662,0.538484187721101,0.29408121301597734,0.6488003641622533
96,0.62813250969114,0.7238657916781026,0.5411588184668635,0.39276651350042596,0.6153460603496821
97,0.638468829309963,0.7548602841465373,0.5556518246094163,0.3906782494770801,0.621479297950399
98,0.6755943556680859,0.7816593610832009,0.5438457170971702,0.3391618932993962,0.6137586978347052
99,0.6451630236159985,0.7667628441667331,0.5122928733740714,0.36172090182436756,0.6215181704548809
100,0.6605459361490152,0.681261314742057,0.5064125727667057,0.26565273119700433,0.6061578723909495
101,0.7046807074446516,0.7606310018709077,0.5630605465138685,0.3105278318907133,0.6459512545364365
102,0.6654934007234643,0.7551610071969773,0.5037259144964714,0.34171773779467546,0.5977882213943819
103,0.6950378892116773,0.7669167085611808,0.47288821451074986,0.3154753442500599,0.6371058643044812
104,0.6554595579997532,0.8044862904495362,0.4920347240851932,0.37900387689207304,0.5922908219946745
105,0.6758640610533093,0.6956028516958577,0.5482069319511762,0.42490537857617977,0.6064937038399678
106,0.6594494486272355,0.7412668972442669,0.5228329986112119,0.31481848481997443,0.5808009361927445
107,0.676924173102486,0.7782271896838006,0.520751260402916,0.32768878085701825,0.6185755930086879
108,0.7086077034364349,0.7145521680163818,0.5613276981591989,0.36624069289084754,0.6429281489231633
109,0.6466169894201912,0.8077784714416052,0.47376473351587356,0.4153890651974867,0.6044660955044787
110,0.7028605910886465,0.7760506983810198,0.5276860646542133,0.3172168990611034,0.6010778575324023
111,0.700143390058307,0.7918975195753021,0.5671735331868528,0.36971626428074295,0.5777345759233019
112,0.6815462511075802,0.7508716901543462,0.5110694820289681,0.4257454597784588,0.5994676836611924
113,0.6624485536402887,0.7939129106989863,0.5020462917642722,0.3051884298137256,0.5649801435069618
114,0.7026032376928468,0.8030541466796711,0.49459346917657154,0.31916257776039586,0.5815780503320294
115,0.689762682273405,0.779486340604115,0.4966795779783133,0.35017376877387063,0.6096696511527284
116,0.7110169052838676,0.781032026780961,0.5091549190954373,0.3477794055500606,0.6365753299435349
117,0.7079463036380861,0.7836102971784518,0.5622841620078156,0.39544104507137756,0.6734302715307376
118,0.7496444722830229,0.7510996420578184,0.5671554467298086,0.37645809019372933,0.5881353728732275
119,0.7058161093131744,0.7740741395927894,0.4963143115147519,0.3068763279125255,0.6382825039161361
120,0.6884125626844534,0.7754243240264292,0.5689951654539479,0.3880393641015284,0.6080938120100412
121,0.7206818908739079,0.7930018159306048,0.5128623624919771,0.35078613894255223,0.5978188088313406
122,0.7238999170992941,0.8129947274073087,0.5690955192379746,0.41660565259294335,0.6120148612931539
123,0.7545796893810109,0.7527439175406477,0.5072951097280984,0.3510344362247078,0.602347912091999
124,0.7436777811478645,0.7822497290904127,0.5118545079712663,0.35171846509142174,0.6031598931403055
125,0.7339217764787378,0.8319436664297691,0.5258035752192657,0.3939396063781586,0.5897916709293333
126,0.7637825722804891,0.766692353135623,0.5968658758981827,0.4027024268817928,0.5646472585050287
127,0.6996809236419288,0.7658324994812904,0.5352725044734286,0.39268347773776713,0.560609369936948
128,0.7156062116812564,0.7980691857549358,0.4788992874073504,0.3190040938915317,0.6151311220820307
129,0.7106356014648619,0.8188315557145596,0.5369478119443439,0.3978312053974888,0.5914824977478572
130,0.7262547549211058,0.7953427816668197,0.4905900145749985,0.343799218191396,0.5830977775085958
131,0.7037828463110922,0.8363688177131097,0.4961878714866994,0.38923466390558925,0.5978126406680788
132,0.75627877367036,0.8237038194769959,0.5173922788447299,0.3321692947610329,0.6170733063228907
133,0.7370444325725307,0.8247546020067018,0.5088738202303604,0.39862127516400725,0.60130909857566
134,0.7080298426374336,0.8176234950397228,0.5044335862996283,0.35576903834924195,0.5799986265839758
135,0.7216105229698115,0.8723295930103825,0.49317334373962624,0.34010778724088175,0.6266573238912237
136,0.757037846186255,0.7978451493340187,0.5156309932160503,0.410983704776884,0.6350796375745408
137,0.7723531641973596,0.7453943312380046,0.5132248102528147,0.3954575582586863,0.6075639163830714
138,0.8035182722922947,0.8551276308455141,0.4466082053116393,0.3665108119512486,0.6191415877836023
139,0.8286465616501832,0.7947690170712952,0.5266183938527006,0.4397912597157373,0.6254489999203453
140,0.7683602358318999,0.813236413330291,0.46985649085815545,0.374577165245059,0.6222524829101128
141,0.7354615469992034,0.8507865205458158,0.46100975070059086,0.39212376858898274,0.6089524794278156
142,0.7090988429817172,0.7649322137682322,0.4964503524506581,0.40141197066875106,0.6081586761768721
143,0.7712927865585959,0.7769505835768158,0.492188097390071,0.37131169230549854,0.6057915143336625
144,0.7464764726172419,0.7679616618864343,0.4801700953448724,0.4104897702689975,0.5649665581363239
145,0.7586160684955079,0.7936759112992373,0.509568213368531,0.37632916784923465,0.6095180789214896
146,0.7558975800235049,0.8321890981805098,0.45519600575966246,0.3815926587224327,0.5577046507218362
147,0.7698802278395904,0.8362256352843831,0.4912587546071718,0.444692492393117,0.5713350136218737
148,0.8022495057696911,0.8302882253798566,0.46732563402232924,0.36157948816206487,0.6233891266952022
149,0.7817262141861336,0.781117023483229,0.4692369096933594,0.31455268841746786,0.6114055040673549
150,0.7760341290740328,0.7556968969010206,0.5073758219777725,0.4563827948254163,0.6271849572421465
151,0.7563086561793547,0.8281306075617115,0.4814525014944853,0.4902264783412451,0.5828081404078177
152,0.7425329263823911,0.8138467189908499,0.5010264935924458,0.3878155757092734,0.5603937789680808
153,0.7744423022731667,0.8432815731514983,0.47172140629559206,0.3352106685782935,0.5827890700732414
154,0.7874554362295421,0.8520586087866381,0.4343906170504935,0.393133060833142,0.5909507824310144
155,0.8351982478394971,0.8366472429617605,0.43193129727630114,0.3949821967555766,0.5899747179085003
156,0.7964568630368222,0.8568039925612756,0.48034960410089583,0.39935266556422105,0.6159420119689175
157,0.8199684877755765,0.8423763412234521,0.46704272913254286,0.36803141853273535,0.5781682393749139
158,0.7851176100365213,0.852901941168044,0.48203711795770304,0.42828463998667676,0.5956008617950731
159,0.7701764058395745,0.8173598021139036,0.4825191453764474,0.42735775813501303,0.5616843212641349
160,0.7778720809441908,0.8346116575850562,0.4723320727151459,0.3576958033063243,0.5972579319510954
161,0.7860693483866062,0.8474032828997087,0.5062950550802581,0.4354718856093211,0.585677713754641
162,0.8596117433108791,0.8676158542625225,0.46426805183804437,0.4838439743681062,0.5664546665428871
163,0.7880653330193903,0.8326877648332629,0.44728480473724547,0.41901861163529713,0.5789042659456287
164,0.8317622300934085,0.8616350176719634,0.4443494998048879,0.40219361932760234,0.5797956063371195
165,0.7904268205478244,0.8395248362425386,0.4794294919282797,0.41002988749573677,0.5772461217665726
166,0.8384893253218562,0.8454737349801561,0.508181161571819,0.43753398684389966,0.6278835310566921
167,0.8270237741526466,0.8753855712607223,0.4472303426816066,0.3564264938072474,0.5807388499423031
168,0.8156840525585478,0.7922081888683753,0.4090833123089338,0.4237536746042056,0.5767025972455665
169,0.8207809368466142,0.8146058301577571,0.423773606023877,0.4053337617688017,0.5299637260597465
170,0.8076303076142654,0.8105344380767153,0.46180233452986125,0.48467387545346163,0.5596448162005131
171,0.8373518050370521,0.786491516404551,0.45213564776232146,0.41490395431682653,0.5750231643885911
172,0.8170254129914806,0.8376520667953447,0.4690730189242522,0.48037606638918323,0.564053683095584
173,0.7999598559058188,0.8819830169918321,0.4579257247016014,0.3843690755776298,0.615342689834445
174,0.8008515606420095,0.8524534780085228,0.4612082373138203,0.4445540708380978,0.5762765556150946
175,0.8393146979430529,0.8684337024582556,0.49219287229477765,0.43617900923269304,0.6122111062329564
176,0.8766772814102609,0.8966765249013238,0.438927903549407,0.3955833463247326,0.5811426158512593
177,0.843399790339336,0.9053305839680307,0.44134800109581585,0.4332088640122929,0.5801306959105395
178,0.838634041847253,0.8649258619582159,0.4818682835066148,0.47043815928910604,0.5765800888071875
179,0.8509456534900637,0.909107576687082,0.41869575212884014,0.41766729034996897,0.5784949062905365
180,0.8786500435426707,0.8727637997530233,0.45531418023439285,0.3707813072790583,0.6209698750762466
181,0.8536845625340965,0.8463780532851761,0.4600485958292803,0.4303853010732894,0.5196097318312195
182,0.8401268192291567,0.8551679894340379,0.44600527992214345,0.40041519168226203,0.527161356389033
183,0.8802572177514972,0.8300839046230496,0.4927308774510196,0.4210180671467641,0.5632207292235971
184,0.8655189109615403,0.8493559843879904,0.43849658804105657,0.43114442806102077,0.5767631970484393
185,0.8953938997998998,0.8667594993577671,0.49207393219978246,0.3753021724394569,0.5932526106191004
186,0.8637808609305476,0.903107550581358,0.43464364455652826,0.37945195812377625,0.5874271799506868
187,0.8307882742069875,0.9321230949349796,0.4235265035092908,0.4538723392433934,0.5655938521779857
188,0.8293960200188584,0.8405345545386889,0.4484830555643641,0.4197048456340612,0.6002760923310441
189,0.9070731983057813,0.8952848240477975,0.40312533856001237,0.34923394803628016,0.6001548850788183
190,0.9110916430195826,0.853783681825274,0.4360494028865451,0.4674695412812847,0.5786014457817892
191,0.8657120196679351,0.9007409126538961,0.4598430796159989,0.4505329414345984,0.597666439312171
192,0.8628203169716003,0.8840674004793682,0.45523271607117216,0.4170143811587231,0.5800161315858032
193,0.9111361073060551,0.8345728252245741,0.42016621486849504,0.39691094261296156,0.5587629243304278
194,0.8491238579489129,0.9188489097470546,0.47600084942778037,0.4732532763710018,0.5898454209750001
195,0.8566318245261043,0.874349978615738,0.47552769374424364,0.45722727178961503,0.574765328064467
196,0.8972831698672261,0.8779829928487932,0.4971735814907497,0.5293910798939426,0.5716334961688622
197,0.8735348719285102,0.8634074276613093,0.45841078738832514,0.4617066009553728,0.6080238393047394
198,0.8854719533319982,0.8773715016993734,0.47803103198985997,0.4615696099441705,0.5095281967864979
199,0.8837139275368873,0.9113367132208475,0.39167469423881257,0.4431575224462002,0.5349578957460108
200,0.8984393637199733,0.8943226697719078,0.43734151046173453,0.47858715535202767,0.5403232393406409
201,0.927387046532843,0.9113598600684744,0.42115802464152513,0.4728779820436854,0.5605184838107798
202,0.8966646226725438,0.9138576556178654,0.4496589290941368,0.49581037529978184,0.5628347957558493
203,0.9126984698319215,0.944119849665845,0.4177595830465744,0.434753697847695,0.5311168588056738
204,0.8475456974742245,0.8957164154740686,0.4275734164095881,0.43876073844696134,0.5437710491922294
205,0.8997820399517471,0.8631942654946281,0.477465277589079,0.43823138901808073,0.5464789580369108
206,0.8821192432426782,0.9410166724971595,0.43496617834256873,0.48367806024126464,0.6290356023018973
207,0.8749296734894093,0.9005553548370824,0.45402229112004017,0.5094431054103856,0.6122435486936787
208,0.8856461908267812,0.9454377733373213,0.4218201949546445,0.4419405827397745,0.5565062645578838
209,0.9014469139824798,0.9250013133954741,0.42880207449491403,0.44413291952724177,0.55731041774233
210,0.9348975635589004,0.9110658740938997,0.4317688116346992,0.4709927028354429,0.5372699000702927
211,0.8810401820565109,0.9269632768213888,0.43753573809922963,0.45239834749954844,0.5178967396693683
212,0.9171657873148605,0.976530376803789,0.46370350151785655,0.4953218778598961,0.562277995339787
213,0.9064957641666607,0.9818094158716125,0.4501061648023165,0.3841877948283333,0.5398537004188994
214,0.9126081726409511,0.9230814340539834,0.42665487318646905,0.43506532335790865,0.5622787367084497
215,0.9480689456326151,0.9273057177995122,0.4330140663793869,0.43761542831134936,0.5239948537739131
216,0.9386528859250982,0.9562872047239915,0.3766816459749875,0.3847875395664849,0.5445506385422435
217,0.9608349526860686,0.9001301690169796,0.4127230654179697,0.43327265444709184,0.5669156773825708
218,0.9257373580187525,0.9369921111785477,0.4378205345300761,0.43596953594539256,0.5719552399445984
219,0.9144014347082324,0.9277241145613843,0.44048071012063383,0.4619613370918409,0.5728367989685503
220,0.9284035295779876,0.9394172463437266,0.4332600806856603,0.5089538062081091,0.5289877753960741
221,0.9422624197817806,0.9064989358215179,0.43869288197503037,0.46242287720832537,0.582967143253389
222,0.9428143339613428,0.8853129752007309,0.4217719020787576,0.4359215197905096,0.5411947075849538
223,0.9134902981941659,0.8723104969202613,0.44602910648913885,0.47100659105752646,0.5766214478651827
224,0.945062244540697,0.9024784766103117,0.43079261580902617,0.5107210767504472,0.5601340330845452
225,0.9507057082534727,0.92373974145182,0.3980926592266394,0.4408414414359783,0.5255903125230513
226,1.0,0.9302042524005372,0.4149046048171304,0.44412987906274926,0.5516950573854703
227,0.9963211152820418,0.9986169348728855,0.3435759675900921,0.4965492135745978,0.5683340935515943
228,0.9302689162360295,0.9751798010972189,0.4194263153184991,0.47024623594942194,0.574124134511865
229,0.9466154159612705,0.9146372665097512,0.3243553114880933,0.5016619641748316,0.5548753025638895
230,0.9194139499540749,0.9554312535735288,0.3664083345180407,0.4795223622871646,0.5962944722650264
231,0.9434323246509128,0.9342876529094902,0.42531702511381425,0.5055582276831349,0.5827877692746639
232,0.9682901250897586,0.9394690848587971,0.41160813195355694,0.44577226600857756,0.5507836470900062
233,0.992746340522206,0.9550597694824615,0.3775062286854321,0.48257703722241063,0.5755530453034235
234,0.9465729040564099,0.9695751335092618,0.38625513584243015,0.4766258494972895,0.6047448371297047
235,0.9506463389983052,0.9423222454834794,0.4296011645997515,0.44244381765635543,0.6050121150195757
236,0.9155177742565337,0.9859155459820307,0.3795804665120942,0.4312782718245959,0.5249000029794375
237,0.9673333519863774,0.9212418532157279,0.4640932753816895,0.5110012162346131,0.5320366722210712
238,0.9470396397035109,0.957190171870868,0.3990096703275129,0.4757166666223708,0.5919229696683462
239,0.9625640143158481,1.0,0.40310934625334716,0.45322019014234344,0.5279429737290591
